usuario,comentario,pais,Unnamed: 3,sentimiento
jorgesebastianq,lo mejor de cartagena es su gastronomía y su gente bacana 13000 cop cóctel de camarón fresco y traído hasta la carpa en la playa del laguito los pago con gusto a un vale que trabaja duro bajo el sol porque así es nuestra gente trabajadora y pa lante resuena,colombia,,positivo
marín retana,da miedo irplaya blanca podrá ser un destino turístico popular pero es como el dicho crea fama y échate a dormir es tan abrumador ir el nivel de acoso es impresionante sientes miedo inclusive si vas con guía de la zona nosotros tuvimos que ser escoltados al salir por un líder comunal de lo contrario no sabemos que nos hubiese sucedido fue una experiencia triste ver una playa tan bonita opacada por tanto comercio y gente que no creo que represente al colombiano esta situación no es al azar es algo que es común en las islas y en todo cartagena por favor turistas cuidarse,costa rica,,negativo
elías g,playa blanca se volvió un destino para las estafaslos vendedores son mentirosos primero te dicen un precio y al final te dan otro que puede ser el doble de caro mucho desorden no se respira tranquilidad,colombia,,negativo
adriana t,playa blanca nunca más ire el ingreso a la playa es sucio lleno de basura los precios de la comida y las bebidas es absurdamente costos el abuso con el turista es terrible,ecuador,,negativo
jet24547924048,playa blanca gracias a todos por comentar de su experienciaquiero agradecer a todos quienes se han dado tiempo de escribir e informar de lo q es esa playa y lo q susede con los turistas estoy en cartagena y estaba buscando como llegar ahí y me encuentro con estas sorpresas de hecho estos comentarios los estoy leyendo en algunas páginas y gracias a ustedes decido no ir allá tengo tres hijos pequeños y no quiero q me vaya a pasar algo malo bendiciones a todos hasta la victoria siempre soy un turista de ecuador,ecuador,,negativo
yesidfuentesva2,nadie habla sobre un cóctel a 13k es obviamente un precio asequiblela gente se queja de una mojarra en 150k por personas picadas de casi 800k apartando que la ciudad amurallada está hedionda a meao y curtida de prostitutas por eso y más santa marta,colombia,,neutro
irricardo,hoy traigo los colores de getsemaní qué lugar tan maravilloso me encantó,brasil,,positivo
martinzafra16,no me quiero ir cartagena,colombia,,neutro
smorenoruiz,si la mahoma no va a la montaña la montaña va a mahoma hace un año empezamos a bailar música latina en montreal  nuestro sueño es ir juntas a un dancing retreat en cartagena  a bailar a la havana en getsemaní,canada,,neutro
6470cruz,envíen circular intrenacional avisen a todos los turistas cartagena es un cagadero no vayan no más cruceros a ese lugar de mierda,colombia,,negativo
fergiraldow,viajar a cartagena es como ir de paseo a singapur las islas fiji bora bora o dubai no por la belleza sino por los precios con los que atracan a los turistas,colombia,,negativo
paolandreaac,a mi me encanta ir a pensar cositas a cartagena una y mil veces,colombia,,neutro
mssjulie,cartagena de leeejos es un destino que yo no volvería a visitar y que ni recomiendo ir a todo aquél que me pregunta por acá,colombia,,negativo
yayobustillo,histórico cartagena siempre será un buen plan hay que ir este domingo día de la virgen de la candelaria con toda la familia y amigos,colombia,,neutro
stonerojas,el mejor castigo a los abusadores de los turistas es no ir y afectar el turismo en cartagena  más control alcaldiactg  el turismo se está perrateando,colombia,,negativo
patty743,ciudades como cartagena o santamarta dejaron de ser un atractivo digno de conocer para ser escenario de prostitucion abusos cobros excesivos y un infierno para los animales mientras sus gobernantes alcahueteen esas situaciones la única solución es no visitarlos,colombia,,negativo
urbina,me tengo que ir y no es por mi contigo esta mi corazónsalsa cartagena,mexico,,neutro
josraf,el truco de la bolsa de plástico no lo sabía algún día espero ir a cartagena,venezuela,,neutro
ivanespinosaj,y los abusos de los restaurantes en las playas el control de los vendedores ambulantes el control de los taxistas del aeropuerto para cuando se volvió tan desesperante ir a cartagena que el sentir es acoso miedo desespero ya cartagena no es sinónimo de descanso,colombia,,negativo
sonymedios,ir de turismo a cartagena es exponerse a que lo estafen lo roben o lo engañen esa es la peor gente que tiene colombia no ve más cómo actúan contra el que les lleva el pan el cartagenero es como las ratas se poposea el lugar donde vive y come fin del comunicado,colombia,,negativo
futcolbog,que dirá el alcalde   aquí no piensa hacer algo para defender a los turistas da miedo ir así a cartagena,colombia,,negativo
caremonjaja,viene uno a cartagena a compartir con amigos pasar un puente inolvidable pero en cholón hacen todo lo posible por espantar al turista abusan con los precios te cobran picadas a 600 mil platos a 185 mil y sin descaro te exigen pagar propina de 312 mil y te dan factura chimba,colombia,,negativo
juniorbsc,moraleja no ir a cartagena busquen otros destinos,ecuador,,negativo
sonymedios,cartagena no tiene nada bueno que mostrar aparte de unas 4 manzanas alrededor de la tore del reloj el resto es tugurio miseria pobreza estafa robo y peladera a los visitantes esa es cartagena viví allí 6 años en la alameda la victoria y esto no me lo pueden refutar,colombia,,negativo
jhosuafire,lecreoaella toca hacer presupuesto con las estafas y todo contar con lo que le va a llegar a la administración sale muy caro ir a  cartagena,colombia,,negativo
andvel33,ir a cartagena da pereza,colombia,,negativo
isdalymd,ya no dan ni ganas de ir a cartagena,colombia,,negativo
agmarinmont,definitivamente sale más barato ir de vacaciones a dubai que a cartagena colombia claro que a mí solo me alcanza hasta melgar me refiero a los que si se pueden dar esos gusticos papi,colombia,,positivo
maores,traducción para que sus vacaciones no se vean afectadas por estafadores y no le caiga encima un hp alcalde incompetente no vayan a cartagena en serio hay mejores lugares en colombia a donde ir,colombia,,negativo
reymiraaybar,gracias a dios no llegué a ir estaba planeando ir el próximo año pero no gracias cartagena colombia,usa,,neutro
sheyarnd,ay mi vida cómo si la gente no supiera la realidad de ir de vacaciones a cartagena  allá toca hablar golpeado y pelear para que te dejen en paz,colombia,,negativo
lexmario,yo si iba a ir a cartagena en enero pero santa marta suena bien,colombia,,neutro
eloywick,todo el que va a cartagena de vacaciones llegan es de una pesadilla robados estafados y humillados y si el alcalde lo que hace es atacar a las víctimas ya saben que por allá no deben ir lo he dicho hay muchas playas en colombia no se amarguen el paseo llendo allá,colombia,,negativo
walexisbb,ya por gusto ir a conocer cartagena si a los propios colombianos les estafan peor al turista,ecuador,,negativo
fonblack7,hace 3 años estando en cartagena unos policías llegando a bocagrande nos iban a multar con excusas chimbas cuando empezamos a grabarlos nos dejaron ir hoy hablando con unos amigos de new york me comentaron q les hicieron lo mismo este año y les sacaron 200 dólares ratas,usa,,negativo
elanalista,he leído tantas quejas de cartagena que definitivamente es un lugar para no ir de turista novayanacartagena,ecuador,,negativo
jrgmntnpjrt,no se pero tengo ganas de ir a cartagena,colombia,,neutro
ellobo2020,q bueno q bueno y se nota en cartagena el cambio en el ritmo de las obrasun eje cartagenabquillasantamarta seria la zona turística mas importante de este lado de americaojala con un gran tren q las una y facilite a los turistas ir entre ellas,colombia,,positivo
kdekzasha,cartagena no sé la verdad q le ven ir a cartagena te dan mal servicio si ves q no vas gastar lo q ellos dicen los precios súper elevados y en todo lado te quieren estafar al punto q no te sientes bien,ecuador,,negativo
wilsonalford,yo por eso no voy a cartagena sale más barato ir a aruba a china a alemania a suiza pero si vas a cartagena te arruinan,colombia,,negativo
rafuchiss,el aeropuerto de cartagena es un desastre no hay aire acondicionado y si está lloviendo como ahora toca ir mentalizado en que al pasajero le toca un buen baño con la lluvia,colombia,,negativo
davidmova,los caballos le daban un toque especial a la ciudad vieja una pena la gente que lo daña todo que les costaba tener un poco de sentido de pertenencia y velar por el cuidado de esos animalitos y como todo en cartagena es así se tuvo que buscar una solución radical y lo apoyo,colombia,,neutro
imrakresidual,es más barato ir a cancún y pronto será así para cartagena una ciudad que tiene poco que ofrecer y abusa en los precios de todo,colombia,,positivo
kikayis,cartagena tiene un encanto especial que me cuesta describirlopor eso lo pinto últimamentecuando no tengo tiempo para dibujar uso la cámara del móvilaquí les comparto detalles muy cartageneros para mi que suelo fijarme,colombia,,neutro
ktikariza,un amigo me mandó un mensaje diciéndome que le encantaba que yo estuviera en cuba viendo la pobreza le respondí no necesito estar en cuba para ver pobreza solo me basta con recorrer el caribe colombiano salir a caminar por cartagena no solo la parte turística o ir tasajera,colombia,,negativo
vettogalvez,llegando a mi cartagena de alma ciudad hermosa con un mar azul verdoso sol radiante clima caliente como me gusta con una culinaria totalmente diferente a todo lo que se come en colombia definitivamente mi país es lo más maravilloso del planeta,usa,,negativo
edwinolivera5,no vale la pena ir a cartagena es un nido de aprovechados estafan al turista que vergüenza existen otros sitios más hermosos par visitar,colombia,,negativo
fogaocolombia,para ahorrar sipero men cartagena es el sitio perfecto para pasear tiene historia playa modernidad todo lastima que hay costeños,colombia,,positivo
grappinkam,una playita bien linda allá por cartagena  viaje playa colombia,mexico,,neutro
mylifeaslizhere,mira he vivido media vida en cartagena y la otra en santa marta y la verdad es que ambas tienen sus puntos de quiebre pero santa marta no supera a cartagena ni si la vuelven a independizar,colombia,,neutro
malejaav,soy samaria amo mi tierra pero yo vivo prácticamente en las dos ciudades y tienen sus puntos de quiebre ambas pero decir que smt es mejor bien equivocados les falta mucho para superar a ctg,colombia,,positivo
mryeguito,cartagena bella siempre será una buena opción,colombia,,positivo
jennyballestas,procesar este viaje sin pensar en la nostalgia de volver a pesar de todo cartagena siempre tiene un lugar gigante en mi corazón,colombia,,neutro
josedavido02,la heroica bohemia y hermosa ciudad de cartagena,colombia,,neutro
notiparaco,me lo acaba de enviar una amiga que está pasando vacaciones en playa blanca definitivamente hay sitios más bonitos más cachetudos mucho mejor servicio y sobre todo más baratos ahh y sin tanto ladrón cartagena esta sobrevalorada,colombia,,negativo
grappinkam,una playita bien linda allá por cartagena,,,neutro
barbierichef,ragaz seconda parte del viaggio in colombia si arriva a cartagena le cose vanno alla grande sto incontrando persone pazzesche feste e colori dappertutto,italia,,neutro
betox33,para eso está disparado el turismo en colombia para asaltar a los turistas,usa,,negativo
martharioshn,cartagena te llevaré en el corazón bello,honduras,,neutro
juparuec,en cartagena colombia turistas ecuatorianos fueron estafados por 2 pescados fritos y 4 cervezas les cobraron 2 millones de pesos unos 480 dólares cuando fueron a reclamar fueron agredidos,ecuador,,negativo
casandraanam,cartagena  obligan al turista a darles dinero si no se  les da los intimidanno  les permiten en paso en cartagena roban los cocheros roban en la playa roban en las carreteras se volvió un atracadero dónde están la  policiacolombia y el alcalde dumekturbay,colombia,,negativo
julianprogre,hasta cuando estas ratas en cartagena van a seguir haciéndonos quedar mal con los turistas por dios le hacen un daño enorme no solo al turismo en esa ciudad sino al país a nivel internacional paren ya la robadera,colombia,,negativo
villalobosandre,qué asco en lo que han convertido a cartagena qué asco su gente y su cantidad de ladrones y prostitutas qué impotencia qué rabia eso no es cartagena  eso no es colombia,colombia,,negativo
ivanamh9544zq,maravillosa experiencia cultural un viaje totalmente doferente y recomendable para conocer este lugar de áfrica en colombia la empresa excepcional y el guía romeo muy divertido y mágico,colombia,,positivo
colombianabella,sitio de interés turístico en especial la época donde me gusta subirlo es en semana santa con la procesión estando arriba podrás conocer la iglesia que es hermosa y majestuosa,noruega,,neutro
c192enjamesm,esta fue una experiencia horrible no lo haría de nuevo estaba muy decepcionado el tour no te lleva a todos los puntos prometidos y el snorkel no era lo que esperaba,usa,,negativo
vickyvivi1985,para nada recomendable un timo y una turistada en toda regla primero que te tratan como borregos malísima organización luego que cambian la excursión como les place y el servicio no se corresponde con lo adquirido si buscas algo auténtico este no es tu sitio hemos viajado por todo el mundo y no suelo poner opiniones negativas porque me sabe mal pero más mal me sabe que la gente se gaste dinero para que se les time no se lo recomendaría a nadie si tiene tantas opiniones tened en cuenta que hacen mucho hincapié en las mismas e incluso te regalan bebida para algún bar por la noche en cartagena si les dejas comentario un punto positivo es el guía un chico muy majo y amable que intentaba que nos sintiéramos bien pero cuando el servicio es malo de base es dificil revertir la experiencia,españa,,negativo
123familytraveler,el tour estaba bien el snorkel era muy corto y mediocre en el mejor de los casos la mayor parte del día se pasó en playas con las que el grupo turístico ha hecho arreglos y los huéspedes tuvieron que pagar sus propias bebidas el grupo turístico ni siquiera proporcionó agua el almuerzo estuvo bien el único punto positivo fue que anna la guía era buena y muy informativa aparte de ser una buena anfitriona y guía turística no recomendaría este tour en absoluto sobrevalorado y no vale la pena el dinero gastado,usa,,negativo
mariantupy,1 nos prometieron lugares de buceo ni un solo lugar era adecuado para hacer snorkel mentira total2 nos prometieron buenos lugares tres de cada cuatro paradas eran horribles se desmorona en tramos feos de la playa3 la comida era mediocre insípida4 cada parada era una trampa para turistas los precios de las bebidas eran más altos que en eeuuen general una experiencia profundamente decepcionante se siente como si los organizadores del viaje estuvieran gastando lo menos humanamente posible en ubicaciones y la experiencia,usa,,negativo
marianavi8251sp,todos los destinos fueron lindos y valieron la pelña el paisaje y el agua es muy linda la playa también los cócteles y la comida muy rica la gente muy amable en general recomendaría que dieran un tour de snorkel para saber que es lo que estamos viendo en el mar,mexico,,positivo
162josemanuelc,magnífico tour los guías muy buenos y atentos recomendable al 100 visitas varios puntos nosotros hicimos tambien la visita al aceaneario,españa,,neutro
alvibanez,hemos tenido una experiencia genial con la agencia en el tour y nuestra guía yiyi ha estado excepcional el trato de todo el mundo ha sido inmejorable las playas estaban bien aunque cholón estaba muy masificado y sobreexplotado respecto a mi última vez,españa,,positivo
mhussey7490,nuestro guía lais y la tripulación eran fantásticos también sentí que era una buena cantidad de tiempo en cada parada las islas son encantadoras incluso con un clima menos que ideal lo único que mejoraría es el proceso de internado  reunión un poco caótico la descripción de lo que esperar para que pudiéramos estar mejor preparados fue una gran manera de terminar nuestras vacaciones en colombia,usa,,neutro
msaco05,nos encantó el tour muy bien el guía miguel el capitán y la comida escogen buenos lugares para bajar y tomar el sol la verdad muy amables y todo seguro,peru,,positivo
matthu5585cg,en la última isla isla cholon los guías turísticos le dicen que solo compre bebidas de un grupo selecto de servidores ya que son de confianza revisamos la tarjeta al día siguiente y 2 transacciones de 300 y 389 tenemos una foto del servidor la hora de la transacción y el monto pero no hay mucho que puedan hacerintentamos reportarlo 12 días después ya que uno de los guías turísticos nos agregó a los 3 en instagram luego nos envió un mensaje a los 3 y luego dejó de seguirnos a los 3  un comportamiento muy extraño 700 es mucho dinero y como se ve en otras reseñas el fraude con tarjeta es bastante común es una lástima porque hermoso tour pero están fuera para robarte,,,negativo
w4418tapatricias,horrible sólo quieren robar a los turistassiguen diciendo que no quieren clientes baratosno lo recomiendo para nada muy mal,brasil,,negativo
samanthagl9316tg,estuvo increíble el viaje con los guías gigi y benjamín fue ameno con un gran nivel de inglés para los no hispanos y gran actitud la comida riquísima y el tour corresponde muy bien al precio de lo mejor de cartagena,usa,,positivo
yoani,nuestro día en cartagena fue sencillamente fantástico tuvimos tres paradas emocionantes a lo largo del día cada una con su propio momento destacado desde visitas turísticas hasta momentos de relax en la playa o la puesta de sol en una azotea todo estaba allí la noche continuó con muy buen ambiente en los bares y discotecas la comida estaba deliciosa en todas partes y disfrutamos especialmente de las especialidades locales cartagena es definitivamente el lugar indicado para quienes quieren vivir algo durante el día y divertirse por la noche,suiza,,positivo
erickaa331,nos encantó el tour el guía una excelente persona muy atento 1000 recomendable una persona muy cálida y nos fascinó la forma en que hizo todo el recorrido,mexico,,positivo
agenorprado,excelente la tripulación era increíble las islas aceptan tarjetas el agua es cálida y tranquila en las islas el snorkel necesita un poco de experiencia en natación,brasil,,positivo
x9600qfdenisd,fue una experiencia maravillosa desde la lancha rápida a la isla de rosario hasta todo el camino de regreso a cartagena realmente disfruté de las paradas en el medio el avión bajo el mar las paradas de desayuno  almuerzo y el definitivamente el tiempo que le dan para disfrutar de estas cosas,mexico,,neutro
cengiz,gran experiencia variada el día estuvo lleno de actividades la única pega fue la falta de explicación en algunos puntos,francia,,negativo
350aurear,muy divertido el tour el guía es amable y se toma el tiempo para explicar cada recorrido del viaje y dar indicaciones del mismo recomendado,peru,,positivo
rashodq,el tour gastronómico fue increíble no solo tuvimos una comida increíble sino que aprendimos la historia de la comida y por qué era importante para cartagena nuestro guía turístico nando era muy conocedor y nos muestran un montón de joyas ocult,peru,,positivo
587morgano,qué estafa sobreprecio sugiero tomar un uber y caminar a su antojo pagó 100 por caminar y hablar el guía turístico liz era muy agradable y dulce se detuvo tantas veces como necesitábamos para descansar porque hacía mucho calor ella tomó fotos y nos invitó a una bebida de mango de un vendedor nunca sentí prisa estaba muy bien informada de los sitios históricos de cartagena sin embargo caminas por aceras delgadas donde apenas caben dos personas si vas a la calle estás esquivando coches sin duda una zona turística pero hazlo por tu cuenta no vale la pena pagar por caminar la empresa debería avergonzarse de estafar ppl,colombia,,negativo
adamchan2012,una experiencia única con ligereza y mucha diversión sobre la historia de la cartagena antigua el recorrido con rebeca fue muy explicativo y descriptivo show realmente valió la pena,brasil,,neutro
ngoctrangt,nos divertimos mucho y aprendimos mucho sobre la historia y la cultura de cartagena de nuestro guía dani su amor y orgullo por la ciudad quedó demostrado,usa,,neutro
seaside787332,gran tour a pie mi marido y yo hicimos este tour a pie en nuestro primer día completo en cartagena y fue una gran manera de familiarizarse con la zona habíamos tomado un paraguas para el sol y me alegro de haberlo hecho porque hacía calor pero vale la pena,usa,,positivo
edwinolivera5,no vale la pena ir a cartagena es un nido de aprovechados estafan al turista que vergüenza existen otros sitios más hermosos par visitar,colombia,,negativo
inesbetancur1,cartagena  turistas se quejan por los altos costos en los restaurantes ubicados entre barú y cholón qué extorsión tan descarada y así pretenden reemplazar el petróleo por el turismo,francia,,negativo
rioswilman,una limonada en 40000 pesos y aún así cobra por aparte el servicio el servicio pa estos estafadores debe ser es la cárcel por ratas,colombia,,negativo
andresfelipecgm,la verdad es que son cansones en cartagena no hay cultura de turismo no saben cómo espantas turistas que nunca más quieren volver porque no es un destino para descansar en todo momento te acosan en la playa te persiguen te ponen un bafle al oído dañan la experiencia,colombia,,negativo
aecuellarr,cuando pasa el tiempo y te dedicas ese tiempo se nota cartagena bonita nos volvemos a encontrar,colombia,,positivo
ernest,los cartageneros acabaron ellos mismos con el turismo y de ahí difícil levantarse porque ya en el extranjero y acá en colombia saben que a cartagena la manejan los proxenetas y los estafadores no hay nada para uno creían que eran invencibles ya nadie quiere ir no vayan,colombia,,negativo
eclides3,disminución considerable de turistas en cartagena aumento impresionante del número de turistas en santa marta el turistas va donde no lo roben,colombia,,negativo
jorgemunozsepul,vivo en cartagena y se los digo con conocimiento de causa no vengan a cartagena a hacer turismo no son unas cuantas manzanas podridas es toda una industria que no se dedica al turismo sino que mutó a una mafia dedicada a la estafa,colombia,,negativo
krncita7,me van a disculpar pero puedo asegurar que cartagena es el peor destino turístico del continente y si te gusta es xq nunca has estado en un lugar turístico decente,usa,,negativo
darangohtx,la última vez que estuve en cartagena fue en 2022 fui de vacaciones en plan familiar caminar por la ciudad vieja era literalmente un ejercicio de esquivar prostitutas y vendedores de droga algo que supongo puede resultarle entretenido al europeo o gringo en plan de amigos pero que en familia y con niños es insoportable la playa era un mix de mercado persa y pasarela de prepagos grabando videos para tiktok no sé si tuve mala suerte y coincidí con un congreso internacional de putas pero lo que vimos durante nuestra visita fue literalmente un prostíbulo a cielo abierto la experiencia gastronómica fue al igual que en cada visita impecable todo hay que decirlopara 2023 optamos por santa marta y nos fue muchísimo mejor,colombia,,negativo
hugoleonelrojo,cartagena hace rato dejó de ser buen destino para hacer turismo el constante acoso al foráneo siempre con la intención de tumbarlo y sacarle plata a las malas ha espantado miles de personas eso sin contar con el problema de inseguridad consumo de drogas y prostitución,argentina,,negativo
carlosaguirre0,que magia tienes cartagena,colombia,,neutro
donmauchix,no hay palabras que puedan descalificar esta belleza de ciudad cartagena es heroica como su gente y por unos cuantos no nos van a quitar ese brillo,colombia,,neutro
luckydog173,hermoso barrio no hicimos ningún tour simplemente caminamos por el distrito de cartagena y encontramos este acogedor lugar colorido qué hermoso,usa,,positivo
leonardoguzmann,la alcaldía de cartagena reguló los precios en cholon supuestamente para evitar los precios abusivos pero les salió muy mal pollo 70 mil una porción de arroz 30 mil esto no solo es ridículo es abusivo con base en qué tasan estos precios absurdo alcalde dumekturbay,colombia,,negativo
speedgio,fui a comer helado costaba 2500 pesos los precios son un abuso no vengan a cartagena sicsuper supersick auxilio no vi los precios no tengo con que pagar y vengo a llorar a x,colombia,,negativo
helverhafc,cartagena es una mierda ir de viaje robos secuestros precios excesivos no hay quien regule esto y se están tirando el turismo en cartagena por eso es mejor ir a otros lugares del país,colombia,,negativo
darkda,jajaja veo que solo en tu país sucede no he tema de impuestos ni nada en mi país es un tema de turismo ciudades con mucho tuvimos cartagena o santa marta son elevados los precios muy costosos sale más económico viajar a otros países eso es raro,colombia,,negativo
mejianilba,absolutamente toda la razon asi no se puede q sigan estrangulando a la gallina y van a quedar sin los huevos esos malhechores ahí no existe autoridad cada quien anda por su lado ahí se cagaron a la justicia y a las leyes por eso actúan de esa manera,colombia,,negativo
jorgeandresbell,que pasa con cartagena delincuentes prostitución y abuso de precios así no,colombia,,negativo
mireyamantillah,está sobrevalorada ya no vale la pena ir a que lo atraquen,colombia,,negativo
patrici05549018,en cartagena  el alcalde no puede fijar precios en las playas  pretender hacerlo es un abuso  una extralimitación  y un golpe a la libertad de competencia  que controle el desorden y la ocupación ilegal  no que invente tarifas  sic,colombia,,negativo
sammuelh45,a mí lo que me sorprende es la calidad de las cartas que hay aquí para esos precios tan exorbitados sí esto es en cartagena,colombia,,neutro
nosgeo555,curioso que hables de guerrilla prostitucion y drogas cuando literalmente se ha visto un aumento de mujeres prostitutas de nacionalidad venezolana especialmente en medellín y cartagena además se especula que venezuela a financiado y refugiado terroristas ni hablemos de drugs,colombia,,neutro
andresesmora,en cartagena da impresión ver la prostitución tan gigante que existe casi que al nivel de medellín donde parecen buitres detrás de los clientes ambas ciudades tienen gran potencial ambas son bellas pero ambas tienen mucho por mejorar,colombia,,neutro
ricardo29913221,simplemente dicen la verdad hay turismo de droga y turismo sexual en colombia hay mucha prostitución y droga por montones medellín y cartagena son prostíbulos a cielo abierto,colombia,,negativo
cesarperdo91649,siempre ha sido una olla cartagena  lleno prostitución infantil y ladrones,colombia,,negativo
jopasaes,nadie niega que cartagena sea un buen plan solo la dañan los nativos que quieren salir de la pobreza embaucando y tumbando a los turistas y si le sumas la prostitución y demás ofertas de sustancias nocivas para la salud eso es lo que toca controlar y erradicar,colombia,,negativo
chimpy2025,es cierto que usted aprobó precios de 50k por limonada y mas de medio millon por picada en cholon eso ni en europa no vayan a cartagena con esos precios se va a otro pais mas bonito y con precios razonables,colombia,,positivo
kainneonx,cualquier metedero es mejor que cartagena ese antro es un hostel para comerciantes del sexo y droga las autoridades ciegas las playas sucias los precios para narcos,colombia,,negativo
dmalvidom,cómo vas a comparar a cartagena con miami cuando en realidad es la bangkok de colombia con prostitución drogadicción tráfico masivo de personas y una cultura totalmente depravada investiga un poco y estudia para que puedas hacer buenas comparaciones,colombia,,neutro
carlitosediaz,que belleza me gustaría algún día ir a conocerla de la costa del caribe de colombia solo conocí cartagena realmente hermosa,colombia,,neutro
psychicfalcon,todos sabemos cual sería la capital cartagena podrá ser el foco turistico y eso si hacen algo con el montón de rateros,colombia,,negativo
isaaccccnoowww,pa q van a cartagena precios altos negros rateros y flojos en conclusión la peor ciudad de colombia,colombia,,negativo
andresesmora,mientras tanto aquí en colombia estadounidense llegan a medellín o a cartagena a mover el mercado del tráfico de drogas la prostitución y la pedofilia y las autoridades en modo shakira brutos ciegos y sordomudos,colombia,,neutro
velezharold,que cambio se ve en cartagena felicitaciones dumekturbay impresionado con la organización belleza y atención de esta hermosa ciudad todos los niños deberían ser felices y conocer el mar,colombia,,neutro
luzada992113,paso a paso día a día cartagena más hermosa,colombia,,neutro
gustavorojasgo,cartagena perdió su encanto entre prostitucion  sida abusos del comercio y acoso de vendedores  sobrevalorada,colombia,,negativo
laurabarriosca1,hermosa cartagena,colombia,,neutro
jorgitoher01,a cartagena le quitas las islas la prostitución y mompox se vuelve la capital de bolivar,colombia,,neutro
cguti17,no vayan a cartagena hay lugares mas lindos y con menos costeños rateros,colombia,,negativo
mafesave1110,cartagena es hermosa no me canso de ir esa ciudad es mágica por algo la escogen como destino preferido para bodas no creo que otra ciudad en colombia tenga los atardeceres y las noches que se viven en cartagena,colombia,,neutro
edwsalgado0212,cartagena es hermosa su gente una porquería,colombia,,neutro
vettogalvez,llegando a mi cartagena de alma ciudad hermosa con un mar azul verdoso sol radiante clima caliente como me gusta con una culinaria totalmente diferente a todo lo que se come en colombia definitivamente mi país es lo más maravilloso del planeta,colombia,,negativo
rafaelm8998,cartagena es hermosa pero no se puede fijar acercar a nadie porque son unas ratas lo mejor es hacer los planes directamente en el hotel,colombia,,negativo
itsellie15,ahora cartagena es hermosa pero para hacer turismo de pie las playas sale muy caro ir en comparación de santa marta,colombia,,negativo
esceptica7,a ver secuestro es secuestro no vengan ahora con bobadas que devolviéndoles a éstos seguimos como si nada no no no personalmente evito cartagena qué es hermosa mágica pero la acosadora y el intento de sacarle el dinero abusivamente al turista la hacen insoportable,colombia,,negativo
morenasaavedra6,más de seis millones por un almuerzo ya uno no sabe si va a la playa o a una trampa cartagena es hermosa pero estas cosas le hacen un daño brutal al turismo,colombia,,negativo
eduardo11440851,ciudad de mierda cartagena es hermosa pero es una vergüenza que los condenen por secuestro y la secretaria que aprenda a hablar se dice dos no do se dice tres no tre se dice cartagena no catagena que vergüenza de gente,colombia,,negativo
camilart,cartagena con el dinero suficiente para no preocuparte porque te quieran estafar en cada esquina es hermosa,colombia,,neutro
omarjames7,la hermosa cartagena de indias,colombia,,neutro
cindyortize,y mientras tanto aquí en x cada vez que pueden dicen que cartagena es el peor destino turístico del país,colombia,,negativo
colombiahist,los balcones en las callecitas del corralito de piedra hermosa cartagena de indias foto de genteconvos no dejen de seguirlos,colombia,,neutro
estapelaaa,noj sinceramente si da pesar cartagena es tan hermosa es la primera ciudad de colombia aparte de cali obvi que conocí,colombia,,neutro
gongora65jorge,hermosa cartagena,colombia,,neutro
rentapia4,cartagena me gustaría conocer dicen q es hermosa,colombia,,neutro
belinda75749294,que hermosa fotografía  cartagena colombia,colombia,,neutro
codiguillos,la hermosa cartagena de indias también está en las calles para decir fuerzamiguel marchadelsilencio,colombia,,neutro
sandrarociocv,esta es una hermosa fotografía que tomé en el año 2022 desde el aire al mar de cartagena atlántico colombia,colombia,,neutro
vcmajito,comerme una arepa de huevo de mi hermosa cartagena a esta hora por supuesto que si,colombia,,neutro
radioseco,colombia es hermosa su naturaleza en general y su biodiversidad en concreto también las ciudades históricas como cartagena la candelaria de bogotá lugares hechos por españoles lo hecho por colombianos es todo asco nada hecho en república tiene belleza vergüenza de país,colombia,,negativo
mariairuizg1,que hermosa es cartagena,colombia,,neutro
edwinolivera5,no vale la pena ir a cartagena es un nido de aprovechados estafan al turista que vergüenza existen otros sitios más hermosos par visitar,colombia,,negativo
photosmun,lo de siempre precios locos pero más que los preciosel asedio insoportable a los turistas por parte de los vendedores debería haber un control de ese aspecto,colombia,,negativo
fogaocolombia,cartagena es el sitio perfecto para pasear tiene historia playa modernidad todo lastima que hay costeños,colombia,,positivo
casandromartell,así es cartagena mucho lujo en la parte histórica mucho turista dejando muchos dólares en los bolsillos de familias ricas mucha convención del grupo aval negocio del magnate sarmiento pero mucha pobreza y miseria en los suburbios,colombia,,negativo
martinsantosr,las bellezas y delicias de cartagena contrastan con la pobreza e indigencia de la ciudad ningún turismo con falta de oportunidades es sostenible,colombia,,negativo
felipecespedes,yo creo que ya hay que dejar de sorprendernos porque en cartagena roben a los turistas si ya de entrada uno sabe que lo están estafando cuando compra un pasaje por ir a ver un mar sucio y un centro histórico lleno de putas,colombia,,negativo
danielbricen,cartagena está sobrevalorada su nivel de servicios de turismo es realmente precario las denuncias por estafas a viajeros extranjeros y nacionales son el pan de cada día la inseguridad es realmente terrible y lo peor pareciera que ninguna autoridad le importara total desorden,colombia,,negativo
andr51522131,cartagena  ciudad sobrevalorada fea gente grosera y maleducada por todo lado hay ladrones al asecho todo caro prostitución descarada en la ciudad amurallada si no das propina te dan un mal servicio la alcaldiactg ni se siente,colombia,,negativo
apolonias01,cartagena es un cagadero peligroso y sobrevaloradocon 10 cuadras bien pintadas para la foto y el resto es un morideroplayas bonitas bahía solanola ensenada de utriael morrola barraplaya juan de diosjuanchacocoquinuquigorgonatodas ellas en el pacífico colombiano,colombia,,negativo
decameronguest,excelente relación calidadprecio por sus dólares estadounidenses,usa,,positivo
adam,una excelente opción para una estancia rápida de una noche,usa,,positivo
ellen,una visita obligada cuando se visita cartagena,inglaterra,,neutro
lauro,excelente,canada,,positivo
riahi,maravilloso,usa,,positivo
wholeone2500,me encantó y volvería a ir pero calor intenso y vendedores,colombia,,negativo
illustriousyou1330,es linda tiene una vida nocturna bastante modesta,colombia,,neutro
professionalguess43,hermosa con la mojarra más cara de la costa,colombia,,neutro
seasiatraveler1,participó en foro de tripadvisor con consejos sobre recorridos y tours,colombia,,neutro
tripadvisoruser1,cartagena is pretty hot but walking the streets is worth it,colombia,,neutro
tripadvisoruser2,la mayor parte de cartagena no es segura fuera de las zonas turísticas,colombia,,neutro
akers,hermosa ciudad mucha historia y comida deliciosa,colombia,,positivo
armando,demasiado calor pero valió la pena por el casco antiguo,colombia,,negativo
yuliia,cuidado con vendedores ambulantes pero la gente es muy amable,colombia,,positivo
pablo,playas bonitas agua un poco turbia en temporada alta,colombia,,neutro
neal,la vida nocturna es muy entretenida y segura en zonas turísticas,colombia,,neutro
brendan,el servicio en mi hotel fue excelente volvería,colombia,,positivo
jo,transporte público un poco caótico recomendaría taxi o apps,colombia,,neutro
patrick,los tours a las islas fueron lo mejor del viaje,colombia,,neutro
emma,ciudad preciosa mucha seguridad en el centro histórico,colombia,,neutro
orbezo,buena relación calidadprecio en restaurantes locales,colombia,,neutro
angelica,mucha fila para entradas en temporada mejor comprar por internet,colombia,,neutro
ana,me encantó caminar por getsemaní arte urbano espectacular,colombia,,negativo
vladimir,gastronomía excelente probar la comida del mar es un must,colombia,,positivo
guillermo,pagos con tarjeta funcionan bien en la mayoría de lugares,colombia,,neutro
rachel,algunas zonas fuera del centro requieren precaución por la noche,colombia,,neutro
shelia,precios turísticos elevados en el casco antiguo,colombia,,negativo
joanne,atención al cliente en hoteles muy amable y servicial,colombia,,positivo
jaime,excursión en barco a las islas fue puntual y profesional,colombia,,positivo
iveta,el museo histórico muy interesante y bien conservado,colombia,,positivo
frederick,las calles empedradas hacen la experiencia muy pintoresca,colombia,,neutro
alberto,recomiendo visitar al amanecer para evitar calor y multitudes,colombia,,neutro
carla,el transporte desde el aeropuerto fue rápido y cómodo,colombia,,neutro
friska,tiendas de souvenirs con variedad pero negociar precio,colombia,,neutro
de,excelente oferta cultural y eventos en la ciudad,colombia,,positivo
berson,algunos restaurantes cierran temprano verificar horarios,colombia,,neutro
yorguin,buena oferta de alojamiento para distintos presupuestos,colombia,,positivo
marguest,atención médica accesible en zonas céntricas,colombia,,positivo
franco,una de los mejores destinos es para conocer todo en un día tiene mucha cultura propia del país adicionalmente tiene panoramas para todos los gustos mi recomendación gastronómica es restaurante san valentín buenos precios y excelente atención y si están buscando bar alquimia es el lugar lleven pesos colombianos podrán darle propina a todo el mundo ojo con los vendedores ambulantes son hostigosos,chile,,positivo
julia c,hermosa ciudad con un casco antiguo conservado en inmejorables condiciones las murallas y los baluartes pueden recorrerse por kilómetros  desgastante y muy cansador el acoso de vendedores raperos y demás sujetos que te sacan las ganas en ocasiones de seguir recorriendo,,,negativo
gabriel g,l lugar es muy pintoresco con edificios muy lindos tiene restaurantes y bares muy buenos todo es de buena calidad y a precios no muy altos antros y bares muy variados y divertidos el problema es que mucha gente de incómoda pidiendo dinero o con servicios,mexico,,neutro
danilo,bella y orgullosa de su historia cartagena no tiene desperdicio su excelente arquitectura sus calles encantadoras su gastronomía su gente en fin un disfrute para la mente y los sentidos ya sea para ir en plan intelectual buscando historia y cultura o en plan diversión,uruguay,,positivo
marudelgadoniglia,visita imperdible si se viaja a cartagena la ciudad es hermosa y con mucha historia muy lindo recorrer sus calles y lugares para visitar tanto de dia como de noche ya que ambas opciones tienen su encanto lugares hermosos para visitar comer o tomar algo,argentina,,positivo
manuel b,preciosa ciudad para recorrerla a pie es para mí la ciudad que mejor guarda la herencia española muy bien conservada y muy bien mantenida bastantes tiendas y restaurantes y muchos turistas importantes las iglesias,españa,,neutro
gasparcito,la ciudad es muy bonita está muy bien conservada y es muy segura para caminar tanto de día como de noche dicho esto es insoportable caminar por el casco histórico el acoso de vendedores de toda clase de productos es permanente sumado a esto el tráfico es espantoso muchísimo ruido y masificación hacen que salir a dar una vuelta sea una auténtica pesadilla pero lo peor de todo es que intentan estafarte en cada tienda incluso en el hotel haciendo la visita muy desgastante y desagradable no volvería en la vida a cartagena ni lo recomiendo,españa,,negativo
cris,robos gente que intenta estafarte no te dejan ni caminar te piden dinero te cantan te rodean para robarte el móvil o la cartera te persiguen como pretende esta gente vivir del turismo no volvería jamás,españa,,neutro
isabelle d,esta bien no más de 3 días luego se va la verdadera cara de la ciudad hoy en dia un escaparate para turistas mientras tanto la ciudad donde viven los cartagenos mucho más grande y fea se extiende al exterior de las murallas sobre muchos kilómetros con su triste realidad de pobreza y de tercer mundo por lo tanto no hay que sorprender se por estar acosado por los vendedores a lo largo del día ni por la prostitución que envade el centro por la noche después de 4 días me sentí muy mal en este sitio donde ya no queda ninguna auténtica poesía solo negocios,india,,negativo
elizabeth a,el lugar es bellísimo pero está lleno de vendedores ambulantes que además te estafan debería haber más vigilancia y acciones por parte del gobierno colombiano,mexico,,negativo
carlos s,ojo es lo peor que hay en cartagena mucha gente acusadora pidiendo acosando muy peligrosa esa gente y los que comienzan a cantar y a rapear noooo terrible cantando mal y acosando y persiguiendo horrible lo peor de cartagena,colombia,,negativo
bocha364,cuanta contradicción una cuidad tan bella y con tanto valor histórico arruinada por un trafico histerico tocando bocina permanentemente desordenado mucha suciedad en las calles los vendedores ambulantes son tantos que resultan molestos una lástima,usa,,negativo
luciana a,en toda la ciudad amurallada hay una cantidad de caballos usados para tracción a sangre es una tristeza ver la cara de los animales explotados cargando con mínimo 4 personas encima de ellos,argentina,,neutro
donnaln,me cuesta entender qué es lo que la gente encuentra tan increíble en la ciudad amurallada está bien sin más los vendedores ambulantes son tan pesados que es difícil concentrarse en disfrutar de las vistas no hay nada realmente bonito o interesante que ver no es en absoluto lo que esperaba pero la gente es tan increíblemente amable y la comida tan buena que no todo fue una decepción y la puesta de sol desde el café del mar fue preciosa,usa,,positivo
sarah,no podía ir a ningún lado sin que nos siguieran personas que vendían tours y nos acosaban me sentí inseguro por la noche esto no es representativo del hermoso país es una trampa para turistas cuidado con tus bolsillos,usa,,negativo
andrea b,lo bueno entrando por el centro histórico es hermosa la arquitectura de todas esas casas los portones la vegetación de los balcones tienen calles muy pintorescas coloridas con muchísimos restaurantes desde barato a caro varias opciones de comidacuentan también con un sin fin de tiendas de diseñadores la moda colombiana es divina hay de todos los preciosen cada esquina encuentras vendedores de frutas no sé porque pero el mango de colombia es de otro mundo totalmente diferente al de mi país me encanta,ecuador,,negativo
ronnie m,una experiencia histórica increíble pero los vendedores ambulantes son demasiado agresivos restaurantes y tiendas increíbles,usa,,neutro
mickmoores,la historia y la cultura pasada de esta ciudad son increíbles por desgracia todo se ve estropeado por la situación actual de pobreza y por los vendedores ambulantes que nunca te dejan en pazademás es el lugar más caro de colombia por lo que te recomendaría bogotá o medellín para tus futuros viajes por colombia,usa,,negativo
ron s,la ciudad amurallada es bastante pequeña pero contiene algunos detalles interesantes que nuestro guía turístico nos señaló no había mucho que hacer en la zona pero nos advirtieron de la presencia de gitanos y había muchos eran educados y respetuosos pero eran muchos nuestro guía nos dio unos 45 minutos de tiempo libre lo que para nuestra familia fueron unos 40 minutos de más en general la excursión estuvo bien y fue agradable conocer la ciudad amurallada,canada,,positivo
alfredo,tiene un potencial enorme lamentablemente se siente un poco insegura y está falta de limpieza ya es una realidad turística super atractiva pudiera ser mucho mejor,colombia,,neutro
usia,esta fue la última parada de una excursión de un día completo por varios lugares de cartagena fue agradable comparar la nueva ciudad moderna con sus rascacielos con la antigua ciudad amurallada con sus edificios históricos y su interesante arquitectura nuestro guía fue muy minucioso y nos señaló los lugares emblemáticos las coloridas calles y los diversos restaurantes mientras caminábamos por las calles empedradas también subimos al fuerte y vimos el cañón original las vistas eran increíbles,canada,,positivo
marithebt,la ciudad es bonita pero te roban por todo lado los taxis los restaurantes las lanchas no creo que lo recomiende,colombia,,positivo
lanchitinez,la ciudad es hermosa e imperdiblevisitar el museo marítimo la catedral y la inquisición también hay un show de danzas típicas y africanas insoportables los vendedores ambulantes que te persiguen todo el tiempo solo decirles  ni gracias y seguir caminandono enojarse,argentina,,neutro
liketoeatcincinnati,bonito lugar histórico para visitar que es el primer asentamiento de españa en el nuevo mundo hay muchas estructuras que datan de 1500 esté atento a los vendedores ambulantes agresivos también los raperos pueden ser bastante intimidantes si no los ignoras tendrás que pagar,usa,,positivo
efromflint73,gran historia delante y detrás de la pared. un dato curioso es que el puerto real llegaba hasta la muralla y había un puente levadizo que bajaba en la entrada principal de la ciudad amurallada de cartegena. ten cuidado con los vendedores ambulantes. no te quedes mirando demasiado tiempo o se te acercarán.,usa,,neutro
Laila S,"me encantó la explosión de sonidos, colores y ambiente vibrante. hubo momentos en que sentí que se estaba convirtiendo en una trampa turística con tantos jóvenes siguiéndonos tratando de mostrar sus habilidades de rap a cambio de algunos consejos, o con las damas vestidas con atuendos tradicionales y siguiéndonos para forzar una foto con ellas. supongo que es comparable a los bazares de egipto y la plaza principal de marakesh y si puedes encontrar la paciencia para pedirles que se detengan amablemente, entonces es absolutamente una visita obligada. las estrechas calles empedradas, artes y artesanías que se venden en cada esquina, los increíblemente deliciosos carritos de frutas (tenían un montón de sus productos) y todos los vendedores de comida ambulante. es bastante la experiencia y vale la pena una estancia de dos a tres días.",Kenia,,negativo
mercatours.com,"en cartagena siempre hay algo que hacer desde sus playas bonitas, hasta sus calles antiguas llenas de sabor y diversión",Colombia,,positivo
mrs mtqwerty,excelente. un clásico. para recorrer a pie en toda su extensión. es muy seguro y divertido. recomiendo salir a tomar un trago por la noche en alguna de sus plazas. vale la pena,argentina,,positivo
osbal r,"cartagena brilla al caer el sol: ciudad colonial,la calidad de la gente, son muy amables! uno de sus atractivos son sus islas de aguas cristalinas y gran gastronomía.",Colombia,,neutro
camilo diaz,"la ciudad amurallada de cartagena es hermosa. cartagena hace bastante calor, pero caminar por las calles merece la pena. mucha gente vende cosas, pero solo di ""no, gracias"" y sigue caminando. puedes explorar la historia y los principales lugares de interés con un tour a pie. hicimos uno con nexperience que fue excelente.",Colombia,,positivo
wilmar m,"lugar interesante, nos faltó más tiempo, por un error de la agencia, pero espero en otra oportunidad conocerla al detalle.",,,positivo
joemarie h,es una ciudad vieja tan hermosa con tanta historia y color. me encantó caminar por los barrios y ver la hermosa arquitectura. muchos restaurantes y bares para disfrutar. pero diré que esté preparado para ver cosas tarde en la noche que no son tan amigables para la familia. la edad legal es de 14 años y verás mucha prostitución por la noche a plena vista. esto fue muy triste de ver y un poco desalentador. diré que no me di cuenta de esto durante el día y se sentía más familiar.,usa,,negativo
gabriel g,"el lugar es muy pintoresco, con edificios muy lindos, tiene restaurantes y bares muy buenos. todo es de buena calidad y a precios no muy altos. antros y bares muy variados y divertidos. el problema es que mucha gente de incómoda pidiendo dinero o con servicios.",mexico,,neutro
Kevinrq9,"las calles de casco historico de cartagena son muy coloridas y son muy fotogénicas, aparentemente tiene calles muy seguras pero siempre caminen con cuidado, y deben tener cuidado con el comercio informal porque son muy insistentes.",peru,,neutro
aschwar,"todo el mundo tiene razón, hace mucho calor. llegamos a las 9 , el día estaba un poco nublado lo que ayudó pero definitivamente estábamos sudando. después de entrar, hay guías de habla inglés disponibles para 45 k policía / persona. definitivamente vale la pena conseguir un guía.",usa,,positivo
criscrismr,el paraíso y no admito discusión. noviembre en #cartagena,Colombia,,neutro
mariajruizg1,quieor estar en cartagena tomando cócteles y vestida lindo,Colombia,,positivo
DavidCornejo10,"hoy en mi ciudad favorita, cartagena.",Colombia,,neutro
ivancamargof,carajo esas fiestas de cartagena se están viendo como buenas,Colombia,,neutro
Maria Maria,"acabamos de estar allí. estaba muy paranoica por todo lo que había leído en los grupos en los que estoy. una vez allí, todo fue bien. no me sentí insegura en absoluto. cartagena era preciosa. no me gustó el olor. jajajaja. pero estuvo bien. es muy colorida y vibrante.",usa,,positivo
Joy Warnok,"no viajé solo, pero pasé un mes en cartagena y me encantó. ten cuidado con los carteristas, los robos de teléfonos, etc. que lo pases muy bien. cartagena es maravillosa.",usa,,neutro
